{
    "status": "ok",
    "totalResults": 82,
    "articles": [
    {
    "source": {
    "id": null,
    "name": "BBC News"
    },
    "author": null,
    "title": "TikTok goes offline in the US hours before ban due to come in",
    "description": "A message appearing for US users said a law banning TikTok had been enacted, meaning \"you can't use TikTok for now\".",
    "url": "https://www.bbc.com/news/articles/cz6p1g54q85o",
    "urlToImage": "https://ichef.bbci.co.uk/news/1024/branded_news/7cfa/live/76029830-d61a-11ef-b861-9775e1319c14.jpg",
    "publishedAt": "2025-01-19T04:16:53Z",
    "content": "TikTok has gone offline in the US, hours before a new law banning the platform was due to come into effect.\r\nA message appearing on the app for US users said a law banning TikTok had been enacted, me… [+1492 chars]"
    },
    {
    "source": {
    "id": null,
    "name": "Android Central"
    },
    "author": "derrek.lee@futurenet.com (Derrek Lee)",
    "title": "Withings ScanWatch 2 review: A good-looking 'smartwatch' and not much else",
    "description": "This attractive hybrid smartwatch offers reliable health data and decent sleep and fitness tools, along with notifications and excellent battery life.",
    "url": "https://www.androidcentral.com/wearables/withings-scanwatch-2-review",
    "urlToImage": "https://cdn.mos.cms.futurecdn.net/QFNwBPwr9HqxVLG4QzUoTm-1200-80.jpg",
    "publishedAt": "2025-01-19T04:00:00Z",
    "content": "Hybrid smartwatches feel like a dying race, making the Withings ScanWatch 2 a rare breed. Fossil is no longer in the game after exiting the smartwatch market in 2024. Aside from Garmin's more sporty … [+17962 chars]"
    },
    {
    "source": {
    "id": "business-insider",
    "name": "Business Insider"
    },
    "author": "Kenneth Niemeyer,Dan Whateley,Katherine Tangalakis-Lippert",
    "title": "TikTok goes dark for its 170 million US users — for now",
    "description": "TikTok has shut down its app for its US users, and Apple and Google have removed the app from app stores.",
    "url": "https://www.businessinsider.com/tiktok-goes-dark-for-170-million-users-trump-biden-2025-1",
    "urlToImage": "https://i.insider.com/678bd5442fcded5e9073d5f8?width=1200&format=jpeg",
    "publishedAt": "2025-01-19T03:50:23Z",
    "content": "TikTok has turned off its app for American users.MAEVA DESTOMBES/Hans Lucas/AFP via Getty Images\r\n<ul><li>TikTok has turned off its app for US users.</li><li>The move comes after the company lost a l… [+4408 chars]"
    },
    {
    "source": {
    "id": null,
    "name": "Hackaday"
    },
    "author": "Heidi Ulrich",
    "title": "Stealth AirTag Broadcasts When Moved: an Experiment",
    "description": "A simple yet intriguing idea is worth sharing, even if it wasn’t a flawless success: it can inspire others. [Richard]’s experiment with a motion-powered AirTag fits this bill. Starting with …read more",
    "url": "https://hackaday.com/2025/01/18/stealth-airtag-broadcasts-when-moved-an-experiment/",
    "urlToImage": "https://hackaday.com/wp-content/uploads/2025/01/airtag-1200.jpg",
    "publishedAt": "2025-01-19T03:00:54Z",
    "content": "A simple yet intriguing idea is worth sharing, even if it wasn’t a flawless success: it can inspire others. [Richard]’s experiment with a motion-powered AirTag fits this bill. Starting with our call … [+1401 chars]"
    },
    {
    "source": {
    "id": null,
    "name": "Xataka.com"
    },
    "author": "Javier Marquez",
    "title": "TikTok ha dejado de funcionar en Estados Unidos: más de 170 millones de usuarios ya no pueden usar la red social china",
    "description": "TikTok ha dejado de funcionar en Estados Unidos. Cuando los usuarios del país norteamericano intentan utilizar la red social se encuentran con el mensaje \"Lo sentimos, TikTok no está disponible en este momento\". El bloqueo ha comenzado poco más de una hora an…",
    "url": "https://www.xataka.com/aplicaciones/tiktok-ha-dejado-funcionar-estados-unidos-170-millones-usuarios-no-pueden-usar-red-social-china",
    "urlToImage": "https://i.blogs.es/21075d/tiktok-prohibido-1/840_560.jpeg",
    "publishedAt": "2025-01-19T03:56:00Z",
    "content": "TikTok ha dejado de funcionar en Estados Unidos. Cuando los usuarios del país norteamericano intentan utilizar la red social se encuentran con el mensaje \"Lo sentimos, TikTok no está disponible en es… [+1107 chars]"
    },
    {
    "source": {
    "id": null,
    "name": "Deadline"
    },
    "author": "Natalie Oganesyan",
    "title": "Adam Scott Reflects On Viral ‘Severance’ Pop-Up: “Didn’t Leave A Glass Cube For 3 Hours”",
    "description": "Though the Lumon Industries pop-up in New York City’s Grand Central Terminal may have inadvertently recreated the less-than-ethical work conditions of the shadowy conglomerate at the center of Apple TV+’s Severance, star Adam Scott was cheery about the endeav…",
    "url": "http://deadline.com/2025/01/adam-scott-severance-marketing-pop-up-new-york-1236260709/",
    "urlToImage": "https://deadline.com/wp-content/uploads/2025/01/adam-scott.jpg?w=1024",
    "publishedAt": "2025-01-19T03:55:33Z",
    "content": "Though the Lumon Industries pop-up in New York City’s Grand Central Terminal may have inadvertently recreated the less-than-ethical work conditions of the shadowy conglomerate at the center of Apple … [+2536 chars]"
    },
    {
    "source": {
    "id": null,
    "name": "La Vanguardia"
    },
    "author": "Edgar Otero",
    "title": "Las mejores 8 tablets para dibujo o diseño gráfico: potentes y compatibles con lápiz táctil",
    "description": "En esta guía de compra te propongo analizar las mejores tablets para dibujo o diseño gráfico. Todas ellas van a cumplir con dos premisas. Por un lado, van a ser lo suficientemente potentes para ejecutar aplicaciones de diseño pesadas. Por otro lado, deben ser…",
    "url": "https://www.lavanguardia.com/andro4all/tablets/mejores-tablets-para-dibujo-o-diseno-grafico",
    "urlToImage": "https://www.lavanguardia.com/andro4all/hero/2025/01/mejores-tablets-para-dibujar.jpg?width=1200",
    "publishedAt": "2025-01-19T03:00:09Z",
    "content": "Un usuario dibujando en una tablet\r\nEn esta guía de compra te propongo analizar las mejores tablets para dibujo o diseño gráfico. Todas ellas van a cumplir con dos premisas. Por un lado, van a ser lo… [+16988 chars]"
    },
    {
    "source": {
    "id": null,
    "name": "N-tv.de"
    },
    "author": "n-tv NACHRICHTEN",
    "title": "\"Gesetz zwingt uns dazu\": Tiktok ist jetzt in den USA offline",
    "description": "Tiktok knickt ein und nimmt die Video-App in den USA vorübergehend offline. Nutzer können keine Videos mehr hochladen oder anschauen. Dieser Zustand soll aber nur \"vorübergehend\" sein, erklären die Betreiber.",
    "url": "https://www.n-tv.de/politik/Tiktok-ist-jetzt-in-den-USA-offline-article25498966.html",
    "urlToImage": "https://bilder2.n-tv.de/img/incoming/crop25498965/4901329905-cImg_16_9-w1200/epi-224719649-REUTERSFOTO-2025-01-17T202926Z-1534135265-RC2VBCAT6URY-RTRMADP-3-USA-TIKTOK.jpg",
    "publishedAt": "2025-01-19T03:30:00Z",
    "content": "Tiktok knickt ein und nimmt die Video-App in den USA vorübergehend offline. Nutzer können keine Videos mehr hochladen oder anschauen. Dieser Zustand soll aber nur \"vorübergehend\" sein, erklären die B… [+1714 chars]"
    },
    {
    "source": {
    "id": null,
    "name": "PC Gamer"
    },
    "author": "Jody Macgregor",
    "title": "Heroic programmer of the first three Final Fantasy games says he'd 'never seen any roleplaying games until Final Fantasy'",
    "description": "The man who John Romero called \"my number one programming god\" spoke about his work on the foundational JRPGs.",
    "url": "https://www.pcgamer.com/games/final-fantasy/heroic-programmer-of-the-first-three-final-fantasy-games-says-hed-never-seen-any-roleplaying-games-until-final-fantasy/",
    "urlToImage": "https://cdn.mos.cms.futurecdn.net/jcwkcdYT8Zsc7euziyG75m-1200-80.jpg",
    "publishedAt": "2025-01-19T02:32:59Z",
    "content": "Nasir Gebelli was an Iranian-American programmer who traveled to Japan on a work visa to work for Square in the late '80s and early '90s, where he was instrumental in the creation of the Final Fantas… [+2645 chars]"
    },
    {
    "source": {
    "id": null,
    "name": "Tinhte.vn"
    },
    "author": "no-reply@tinhte.vn (Anh Tú.), Anh Tú.",
    "title": "iPhone 17 Air sẽ mỏng tương đương iPad Pro M4?",
    "description": "Trong vài tháng gần đây, những tin đồn về một phiên bản iPhone 17 được thiết kế lại với tên gọi \"iPhone 17 Air\" vẫn cứ liên tục xuất hiện. Đây được cho là sự thay thế cho iPhone 17 Plus, đồng thời cũng là chiếc iPhone mới bên cạnh iPhone 17…",
    "url": "https://tinhte.vn/thread/iphone-17-air-se-mong-tuong-duong-ipad-pro-m4.3949336/",
    "urlToImage": "https://photo2.tinhte.vn/data/attachment-files/2025/01/8618772_iPad-Pro-vs-iPhone-17-Air-Feature.jpg",
    "publishedAt": "2025-01-19T00:34:35Z",
    "content": "Apple tìm mt phng hng mi vi thit k siêu mng và k vng nó s thu hút ngi dùng hn so vi các dòng iPhone mini và iPhone Plus trc ây, vn không t c doanh s nh mong i. Apple ã ngng sn xut dòng mini sau iPhon… [+671 chars]"
    },
    {
    "source": {
    "id": null,
    "name": "Tinhte.vn"
    },
    "author": "no-reply@tinhte.vn (Lê Phú Khương), Lê Phú Khương",
    "title": "Đánh giá thực tế Toyota Camry 2025 XSE sau 17.000 km: Chắc chắn là chiếc xe đáng mua nhất phân khúc",
    "description": "Camry 2025 phiên bản mới là mẫu xe đang rất hot khi có thông tin sẽ được bán tại thị trường Việt Nam trong thời gian tới. Mình đã may mắn được trải nghiệm rất sớm chiếc xe này khi nó vừa được mở bán ở Mỹ.",
    "url": "https://tinhte.vn/thread/danh-gia-thuc-te-toyota-camry-2025-xse-sau-17-000-km-chac-chan-la-chiec-xe-dang-mua-nhat-phan-khuc.3884624/",
    "urlToImage": "https://photo2.tinhte.vn/data/attachment-files/2025/01/8617796_cover-utbe.jpg",
    "publishedAt": "2025-01-19T03:51:08Z",
    "content": "Nhìn chung, hiu qu chiu sáng mc nh ca xe là rt tt. Phm vi ri ca èn rt xa và rng. èn c t thp, không chiu lên cao khin chói mt tài x i din. Nó có kh nng phân b ánh sáng ng u và c bit phn mt ng c chiu s… [+12220 chars]"
    },
    {
    "source": {
    "id": "ansa",
    "name": "ANSA.it"
    },
    "author": null,
    "title": "TikTok, l'app non disponibile in Usa con legge divieto",
    "description": "Trump ha detto che valuterà una proroga di 90 giorni (ANSA)",
    "url": "https://www.ansa.it/sito/notizie/mondo/2025/01/19/tiktok-lapp-non-disponibile-in-usa-con-legge-divieto_450b7d01-2ba8-4921-b32a-9493b354da2e.html",
    "urlToImage": "https://www.ansa.it/webimages/img_700/2025/1/17/f559c00074cd2b7082fe3f6c7d2b109c.jpg",
    "publishedAt": "2025-01-19T03:31:35Z",
    "content": "La legge che entrerà in vigora alla mezzanotte americana del 19 gennaio \"ci costringerà a rendere\" l'app \"temporaneamente non disponibile. Stiamo lavorando per ripristinare il nostro servizio negli S… [+2270 chars]"
    },
    {
    "source": {
    "id": null,
    "name": "Thenewslens.com"
    },
    "author": "Cool3c",
    "title": "沒帶悠遊卡免煩惱！北捷新式閘門可多元支付、感應信用卡，還能掃QR Code進站",
    "description": "台北捷運將在今年10月底前陸續更新全線車站特定閘門，可感應信用卡、掃瞄QR Code進站，還能使用多元支付App。到時候就算沒帶悠遊卡也能只靠信用卡或手機輕鬆搭捷運。",
    "url": "https://www.thenewslens.com/article/247915",
    "urlToImage": "https://bucket-image.inkmaginecms.com/version/social/1/image/2025/01/3f4405c4-094a-46fd-8d85-891d1c21d3f2.jpg",
    "publishedAt": "2025-01-19T04:00:00Z",
    "content": "20231396202510\r\nQR CodeLine PayApp\r\n App\r\nApple PayGoogle PaySamsung Pay\r\nQR CodeLine PayiPass MoneyiCash PayPayWallet+Pay\r\niPhone\r\nPhoto Credit: Cool3C\r\n10\r\nCool3cQR Code App"
    },
    {
    "source": {
    "id": null,
    "name": "[Removed]"
    },
    "author": null,
    "title": "[Removed]",
    "description": "[Removed]",
    "url": "https://removed.com",
    "urlToImage": null,
    "publishedAt": "2025-01-19T04:03:28Z",
    "content": "[Removed]"
    },
    {
    "source": {
    "id": null,
    "name": "Impress.co.jp"
    },
    "author": "新井 将彩成",
    "title": "第2世代iPhone SEのCランク中古品が15,800円！イオシスに大量入荷",
    "description": "Appleの4.7インチスマホ「第2世代iPhone SE」の中古品が、イオシス各店に大量入荷しています。",
    "url": "https://akiba-pc.watch.impress.co.jp/docs/news/news/1655555.html",
    "urlToImage": "https://akiba-pc.watch.impress.co.jp/img/ah/list/1655/555/a1.jpg",
    "publishedAt": "2025-01-19T00:05:00Z",
    "content": "11617\r\nASUSTUF GAMING Z790-PLUS WIFI D415,980Surface Go2 LTEXiaomi Redmi 12 5G 14,800 \r\n117 20:45"
    },
    {
    "source": {
    "id": "cbs-news",
    "name": "CBS News"
    },
    "author": "Caitlin Yilek",
    "title": "TikTok voluntarily shuts down in the U.S. as divest-or-ban law set to take effect",
    "description": "Users in the U.S. who opened the app were greeted with a message that read, \"Sorry, TikTok isn't available right now.\"",
    "url": "https://www.cbsnews.com/news/tiktok-voluntarily-shuts-down-in-u-s-divest-or-ban-law-set-to-take-effect/",
    "urlToImage": "https://assets1.cbsnewsstatic.com/hub/i/r/2025/01/19/befe2e8e-eb51-4e5d-ac13-9ba9973417c7/thumbnail/1200x630/c464a4daef988e7ad371112bc481ca6f/gettyimages-2194073318.jpg?v=b37f0cace52a6645c18f53563f47da2c",
    "publishedAt": "2025-01-19T03:55:26Z",
    "content": "Washington — TikTok voluntarily shut down service in the U.S. late Saturday night, cutting off access to tens of millions of users after the Supreme Court this week upheld a law that effectively bann… [+7044 chars]"
    },
    {
    "source": {
    "id": null,
    "name": "Yahoo Entertainment"
    },
    "author": "Ramish Cheema",
    "title": "Jim Cramer on Humana Inc. (HUM): ‘Medicare Provisions Were Much Better Than Expected On Friday. Should Really Help Humana All Day’",
    "description": "We recently compiled a list of the Jim Cramer Recently Discussed These 15 Stocks & The California Wildfires. In this article, we are going to take a look at ...",
    "url": "https://finance.yahoo.com/news/jim-cramer-humana-inc-hum-032541369.html",
    "urlToImage": "https://s.yimg.com/ny/api/res/1.2/rztoz78l0VJkcq4eRipsfQ--/YXBwaWQ9aGlnaGxhbmRlcjt3PTEyMDA7aD02NzM-/https://media.zenfs.com/en/insidermonkey.com/d38b3921ee110cb30de231ad07182ba5",
    "publishedAt": "2025-01-19T03:25:41Z",
    "content": "We recently compiled a list of the Jim Cramer Recently Discussed These 15 Stocks &amp; The California Wildfires. In this article, we are going to take a look at where Humana Inc. (NYSE:HUM) stands ag… [+7434 chars]"
    },
    {
    "source": {
    "id": null,
    "name": "Yahoo Entertainment"
    },
    "author": "Ramish Cheema",
    "title": "Jim Cramer on Cleveland-Cliffs Inc. (CLF): ‘Cliffs Is Gonna Get It. Lorenzo’s A Winner’",
    "description": "We recently compiled a list of the Jim Cramer Recently Discussed These 15 Stocks & The California Wildfires. In this article, we are going to take a look at ...",
    "url": "https://finance.yahoo.com/news/jim-cramer-cleveland-cliffs-inc-020510764.html",
    "urlToImage": "https://s.yimg.com/ny/api/res/1.2/fXnj7KDXi60qL1n_na9g0w--/YXBwaWQ9aGlnaGxhbmRlcjt3PTEyMDA7aD02NzM-/https://media.zenfs.com/en/insidermonkey.com/9719e1fa7b78c3f2996c3d62d8a50be2",
    "publishedAt": "2025-01-19T02:05:10Z",
    "content": "We recently compiled a list of the Jim Cramer Recently Discussed These 15 Stocks &amp; The California Wildfires. In this article, we are going to take a look at where Cleveland-Cliffs Inc. (NYSE:CLF)… [+7978 chars]"
    },
    {
    "source": {
    "id": null,
    "name": "Yahoo Entertainment"
    },
    "author": "Ramish Cheema",
    "title": "Jim Cramer Says GE Vernova Inc. (GEV) Will Probably Build Small Nuclear Reactors",
    "description": "We recently compiled a list of the Jim Cramer Recently Discussed These 15 Stocks & The California Wildfires. In this article, we are going to take a look at ...",
    "url": "https://finance.yahoo.com/news/jim-cramer-says-ge-vernova-035008268.html",
    "urlToImage": "https://s.yimg.com/ny/api/res/1.2/m9Erwop9csBRv.xlFexkUA--/YXBwaWQ9aGlnaGxhbmRlcjt3PTEyMDA7aD02NzM-/https://media.zenfs.com/en/insidermonkey.com/29ea1683c29060520e48b3a75f63d329",
    "publishedAt": "2025-01-19T03:50:08Z",
    "content": "We recently compiled a list of the Jim Cramer Recently Discussed These 15 Stocks &amp; The California Wildfires. In this article, we are going to take a look at where GE Vernova Inc. (NYSE:GEV) stand… [+7661 chars]"
    },
    {
    "source": {
    "id": null,
    "name": "Yahoo Entertainment"
    },
    "author": "Ramish Cheema",
    "title": "Jim Cramer on Lululemon Athletica Inc. (LULU): ‘They Have The Most Momentum Of Anyone Right Now In Retail’",
    "description": "We recently compiled a list of the Jim Cramer Recently Discussed These 15 Stocks & The California Wildfires. In this article, we are going to take a look at ...",
    "url": "https://finance.yahoo.com/news/jim-cramer-lululemon-athletica-inc-024837668.html",
    "urlToImage": "https://s.yimg.com/ny/api/res/1.2/YUYKISrMF84FneJMmOANsA--/YXBwaWQ9aGlnaGxhbmRlcjt3PTEyMDA7aD02NzM-/https://media.zenfs.com/en/insidermonkey.com/c2c44e1f08bb379a83abf5b2fe7701cb",
    "publishedAt": "2025-01-19T02:48:37Z",
    "content": "We recently compiled a list of the Jim Cramer Recently Discussed These 15 Stocks &amp; The California Wildfires. In this article, we are going to take a look at where Lululemon Athletica Inc. (NASDAQ… [+7805 chars]"
    },
    {
    "source": {
    "id": null,
    "name": "Yahoo Entertainment"
    },
    "author": "Ramish Cheema",
    "title": "Jim Cramer on Intra-Cellular Therapies, Inc. (ITCI): ‘Intra-Cellular Had Something’",
    "description": "We recently compiled a list of the Jim Cramer Recently Discussed These 15 Stocks & The California Wildfires. In this article, we are going to take a look at ...",
    "url": "https://finance.yahoo.com/news/jim-cramer-intra-cellular-therapies-024242759.html",
    "urlToImage": "https://s.yimg.com/ny/api/res/1.2/1U8jEyfGbGC16sS1iMmAkg--/YXBwaWQ9aGlnaGxhbmRlcjt3PTEyMDA7aD02NzM-/https://media.zenfs.com/en/insidermonkey.com/af51489c3d537f55161ce318d79018aa",
    "publishedAt": "2025-01-19T02:42:42Z",
    "content": "We recently compiled a list of the Jim Cramer Recently Discussed These 15 Stocks &amp; The California Wildfires. In this article, we are going to take a look at where Intra-Cellular Therapies, Inc. (… [+7773 chars]"
    },
    {
    "source": {
    "id": null,
    "name": "Smzdm.com"
    },
    "author": null,
    "title": "苹果 Apple iPhone 15 Plus 5G手机 256GB 粉色 5844.01元（需用券）",
    "description": "苹果 Apple iPhone 15 Plus 5G手机 256GB 粉色 5844.01元（需用券）,什么值得买甄选出京东优惠促销商品,包括Apple/苹果报价、多少钱等信息,认真生活,好好花钱就上什么值得买。",
    "url": "https://www.smzdm.com/p/139323510/",
    "urlToImage": "https://y.zdmimg.com/202309/13/6500b39daa7d76266.png_d250.jpg",
    "publishedAt": "2025-01-19T00:00:43Z",
    "content": "iPhone 15 Plus IP68 201g7.8mm\r\niPhone 15 Plus 6.7 OLED XDR 2796×1290460ppi2000100%DCI-P360HziPhone 15Plus A16 6 CPU5GPU 16 iPhone 14 Plus 263550%LightningUSB-C\r\niPhone 15 Plus 4800f1.62400120021200f2… [+12 chars]"
    },
    {
    "source": {
    "id": null,
    "name": "Smzdm.com"
    },
    "author": null,
    "title": "苹果 Apple AirPods 3 闪电充电盒版 半入耳式真无线蓝牙耳机 白色 715.61元",
    "description": "京东此款目前活动售价899元，下单1件，plus立减叠加政府补贴后实付低至715.61元，近期好价。",
    "url": "https://www.smzdm.com/p/139324883/",
    "urlToImage": "https://qny.smzdm.com/202501/19/678c482842d5f8735.jpg_d250.jpg",
    "publishedAt": "2025-01-19T01:00:37Z",
    "content": "AirPods 3D AirPods Apple Apple Music \r\n AirPods  IPX4 Apple H1 AirPods \r\n 6 4 5 AirPods 1 4 30 MagSafe"
    },
    {
    "source": {
    "id": null,
    "name": "Smzdm.com"
    },
    "author": null,
    "title": "苹果 Apple iPhone 16 5G手机 128GB 粉色 4949.01元（需用券）",
    "description": "京东此款目前活动售价5999元，下单领取满3000减1000元优惠券，1000-20优惠券，京东会员立减29.99元优惠活动，下单1件，实付低至4949.01元，近期好价。叠加优惠券：满3000减1000元、满1000元减20元",
    "url": "https://www.smzdm.com/p/139333342/",
    "urlToImage": "https://y.zdmimg.com/202409/10/66df46954ae088470.jpg_d250.jpg",
    "publishedAt": "2025-01-19T03:26:08Z",
    "content": "iPhone 16 iPhone 16  6.1 \r\niPhone 16   A18 3 17%A18 6 CPU 2 4  iPhone 15  CPU 30% 30%GPU iPhone 15 GPU 40%\r\niPhone 16 48MP Fusion4800120026480012002400iPhone 1612004K 60 2.6 \r\niPhone 16  Taptic Engin… [+33 chars]"
    },
    {
    "source": {
    "id": null,
    "name": "Ozbargain.com.au"
    },
    "author": "jaysea97",
    "title": "David Jones: 17% Cashback on Sale Items ($20 Cap/Order; Stack with up to 60% off Sale; Exclusions Apply) @ ShopBack",
    "description": "David Jones is doing a sale of up to 60% off selected items and ShopBack is also doing an upsized Cashback on sale items.\n\nCashback amount\n\n<ul>\n<li>Sale items (capped at $20): 17%</li>\n<li>Full price items: 8%</li>\n</ul>\n\nCashback exclusions\n\nThese items are…",
    "url": "https://www.ozbargain.com.au/node/889537",
    "urlToImage": "https://files.ozbargain.com.au/n/37/889537l.jpg?h=e4fc7e3c",
    "publishedAt": "2025-01-19T03:39:49Z",
    "content": "David Jones is doing a sale of up to 60% off selected items and ShopBack is also doing an upsized Cashback on sale items.\r\nCashback amount\r\n<ul><li>Sale items (capped at $20): 17%</li><li>Full price … [+1060 chars]"
    },
    {
    "source": {
    "id": null,
    "name": "3dnews.ru"
    },
    "author": null,
    "title": "Слияние вместо продажи: Perplexity AI хочет спасти TikTok в США",
    "description": "Компания Perplexity AI предложила в субботу, за день до блокировки TikTok в США, объединение с американским подразделением платформы. Предложение предполагает, что большинство инвесторов ByteDance сохранят свои доли, а Perplexity получит доступ к огромной баз…",
    "url": "https://3dnews.ru/1116959/sliyanie-vmesto-prodagi-perplexity-ai-hochet-spasti-tiktok-v-ssha",
    "urlToImage": "https://3dnews.ru/assets/external/illustrations/2025/01/19/1116959/tiktok_6737.jpg",
    "publishedAt": "2025-01-19T01:55:00Z",
    "content": "Perplexity AI , TikTok , . , ByteDance , Perplexity TikTok. CNBC, , Perplexity AI , , ByteDance , TikTok .\r\n: Nik/Unsplash\r\n(Donald Trump) , , , TikTok 90 , , , Perplexity ByteDance . TikTok (Shou Zi… [+264 chars]"
    },
    {
    "source": {
    "id": null,
    "name": "Ferra.ru"
    },
    "author": "Андрей Кадуков",
    "title": "В iOS 19 появится приложение камеры «по мотивам visionOS»",
    "description": "Инсайдерский портал MacRumors, рассказывающий об Apple, сообщил о потенциальном приложении, которое может появиться в будущей iOS 19. Речь идёт о переработанном приложении «Камера», «вдохновлённом интерфейсом visionOS».",
    "url": "https://www.ferra.ru/news/apps/v-ios-19-poyavitsya-prilozhenie-kamery-po-motivam-visionos-18-01-2025.htm",
    "urlToImage": "https://www.ferra.ru/imgs/2025/01/18/11/6710567/ec33dac5ad93dc94b4e1c184732e496c295125d7.jpg",
    "publishedAt": "2025-01-19T00:00:00Z",
    "content": "MacRumors YouTube- Front Page Tech, . , .\r\n «», , « » visionOS Apple Vision Pro. , : .\r\n , , .\r\n« . , , visionOS, iOS 19 , . , , », ."
    },
    {
    "source": {
    "id": null,
    "name": "Barks.jp"
    },
    "author": "BARKS",
    "title": "Mrs. GREEN APPLE、新曲「ダーリン」MVの『Teaser Movie #1』公開",
    "description": "Mrs. GREEN APPLEが、1月20日にリリースするデジタルシングル「ダーリン」のミュージックビデオのティザー映像『Teaser Movie #1』を公開した。◆Mrs. GREEN APPLE 動画デビュ...",
    "url": "https://www.barks.jp/news/?id=1000253494#utm_source=feed_news&utm_medium=feed&utm_campaign=feed",
    "urlToImage": "https://img.barks.jp/img/article/1000253494/H/1200.jpg",
    "publishedAt": "2025-01-19T03:00:00Z",
    "content": "Blu-ray / DVD\r\n2025226 https://sp.universal-music.co.jp/mrsgreenapple/zenjinmitotoweltraum/https://lnk.to/ZMTW_ECBOXBlu-ray + GOODSUPXH-29071¥19,800BOX2DVD + GOODSUPBH-29102¥19,250\r\nLP 44P&amp;10GOOD… [+810 chars]"
    },
    {
    "source": {
    "id": null,
    "name": "Overclockers.ru"
    },
    "author": "ddr22",
    "title": "Apple планирует обновить модельный ряд iPhone SE уже этой весной",
    "description": "Утечка макетов устройства позволяет взглянуть на внешний дизайн и форм-фактор следующей модели SE.",
    "url": "https://overclockers.ru/blog/ddr77/show/203536/Apple-planiruet-obnovit-model-nyj-ryad-iPhone-SE-uzhe-etoj-venoj",
    "urlToImage": "https://overclockers.ru/st/legacy/blog/145016/612836_O.jpeg",
    "publishedAt": "2025-01-19T03:20:19Z",
    "content": "Apple iPhone SE . - SE . , iPhone SE 4. \r\n, . \r\n, , iPhone SE 4 ( iPhone 16E) iPhone 14. 6,1- Face ID, , ."
    },
    {
    "source": {
    "id": null,
    "name": "Overclockers.ru"
    },
    "author": null,
    "title": "Apple Watch помогли спасти жизнь человеку, который потерял сознание за рулем",
    "description": "В это время устройство вызвало службу спасения, когда водитель был без сознания.",
    "url": "https://overclockers.ru/blog/ddr77/show/203530/Apple-Watch-pomogli-spasti-zhizn-cheloveku-kotoryj-poteryal-soznanie-za-rulem",
    "urlToImage": "https://overclockers.ru/st/legacy/blog/145016/612822_O.jpeg",
    "publishedAt": "2025-01-19T01:15:19Z",
    "content": "Apple Watch , . 16- Apple Watch, , , , , . , , . , Apple Watch , . , , , . Apple Watch .\r\nApple Watch , , , , Apple Watch ."
    },
    {
    "source": {
    "id": null,
    "name": "Koc.com.tw"
    },
    "author": "Shengti",
    "title": "2025 最新的 iPhone 電池續航延長 10 大實用技巧",
    "description": "現代人幾乎無時無刻都離不開手機，無論是工作、學習還是娛樂，iPhone 都在我們的生活中扮演著至關重要的角色。 […]\nThe post 2025 最新的 iPhone 電池續航延長 10 大實用技巧 appeared first on 電腦王阿達.",
    "url": "https://www.koc.com.tw/archives/582428",
    "urlToImage": "https://www.koc.com.tw/wp-content/uploads/2025/01/20250112152720_0_f41c65.jpg",
    "publishedAt": "2025-01-19T02:23:07Z",
    "content": "iPhone iPhone \r\n iPhone iPhone \r\n iPhone 10 iPhone iPhone \r\n1. iPhone \r\n iPhone iOS 18 Mac Apple Apple T2 macOS Sequoia 15 iPhone Mac iPhone iPhone Mac Mac iPhone \r\n iPhone Mac\r\nAirPlay &gt;iPhone iP… [+400 chars]"
    },
    {
    "source": {
    "id": null,
    "name": "Koc.com.tw"
    },
    "author": "ClaireC",
    "title": "Qi2 無線充電即將起飛，它有什麼優點？",
    "description": "Qi2 無線充電技術在 2024 年首度推出； 2025 年 1 月初時，無線充電聯盟宣布在今年將會看到更多 Android 設備採用 Qi2 無線充電技術，包括 Google 和 Samsung 等品牌都會跟上 Qi2 的腳步，看來，2025 年將是 Qi2 高速成長的一年。那這個技術到底有那些不容忽視的優點呢？\nThe post Qi2 無線充電即將起飛，它有什麼優點？ appeared first on 電腦王阿達.",
    "url": "https://www.koc.com.tw/archives/583493",
    "urlToImage": "https://www.koc.com.tw/wp-content/uploads/2022/12/1672145472-81a0e8f6200fb2d6b90dab5622805461.jpg",
    "publishedAt": "2025-01-19T02:52:46Z",
    "content": "Qi2 2024 2025 1 Android Qi2 Google Samsung Qi2 2025 Qi2 \r\nQi2 \r\nQi2 Ready Qi2Qi2 Ready Qi2 Qi2 Qi2 Ready Qi2 Qi2 \r\nMagSafe Qi2 MagSafe Qi2 15W Apple iPhone 16 25W MagSafe MagSafe iPhone Qi2"
    },
    {
    "source": {
    "id": null,
    "name": "Www.vg.no"
    },
    "author": "Catherine Gonsholt Ighanian",
    "title": "Stjernene trommer sammen for brannofre i L.A.",
    "description": "Billie Eilish, Lady Gaga og Jelly Roll er blant artistene som skal opptre på FireAid-konserten.",
    "url": "https://www.vg.no/rampelys/i/yEyE5e/stjernene-trommer-sammen-om-fireaid-for-brannofre-i-l-a",
    "urlToImage": "https://akamai.vgc.no/v2/images/d6328d9e-626f-407e-b071-28a66dafc521?format=auto&w=1080&s=1623668cec68b8284778abbb68fa606325fc1238",
    "publishedAt": "2025-01-19T00:33:06Z",
    "content": "En rekke verdenskjente artister stiller opp for å støtte ofrene etter de voldsomme skogbrannene i Los Angeles. \r\nVeldedighetskonserten FireAid arrangeres 30. januar, på to arenaer The Dome og The For… [+1291 chars]"
    },
    {
    "source": {
    "id": null,
    "name": "Tass.ru"
    },
    "author": null,
    "title": "Доступ к TikTok в США заблокирован",
    "description": "Сервис также не отображается в результатах поиска в магазине приложений Apple",
    "url": "https://tass.ru/obschestvo/22916087",
    "urlToImage": "https://cdn-storage-media.tass.ru/thumb/ru/obschestvo/22916087?u=2025-01-19T04:06:56.014874",
    "publishedAt": "2025-01-19T03:56:28Z",
    "content": "-, 19 . //. TikTok - , , .\r\n\", TikTok . , TikTok\", - . Apple.\r\n , ."
    },
    {
    "source": {
    "id": null,
    "name": "Enter.co"
    },
    "author": "Redacción ENTER.CO",
    "title": "TVSuperboost: ¡Adiós a las suscripciones de streaming! Mil canales, un solo pago y 100% legal",
    "description": "¿Te gustaría acceder a más canales sin tener que pagar suscripciones mensuales? Esta es la solución: con TVSuperboost...",
    "url": "https://www.enter.co/cultura-digital/entretenimiento/tvsuperboost-adios-a-las-suscripciones-de-streaming-mil-canales-un-solo-pago-y-100-legal/",
    "urlToImage": "https://www.enter.co/wp-content/uploads/2025/01/ENTRETIMIENTO.jpg",
    "publishedAt": "2025-01-19T01:05:54Z",
    "content": "¿Te gustaría acceder a más canales sin tener que pagar suscripciones mensuales? Esta es la solución; TVSuperboost,  un dispositivo desarrollado por una startup alemana, que ofrece más de mil canales … [+2419 chars]"
    },
    {
    "source": {
    "id": "bild",
    "name": "Bild"
    },
    "author": "Herbert Bauernebel",
    "title": "Am Montag wird er vereidigt - Diesen Rache-Moment plant Trump bei der Amtseinführung",
    "description": "Mächtige, Promis, Staatschefs, Massen: Am 20. Januar startet mit dem Amtsschwur die zweite Ära des designierten US-Präsidenten Donald Trump.",
    "url": "https://www.bild.de/politik/ausland-und-internationales/donald-trump-diesen-rache-moment-plant-er-bei-seiner-amtseinfuehrung-2025-6778321837e71f1aec2899dc",
    "urlToImage": "https://images.bild.de/6778321837e71f1aec2899dc/2ea676cf10887a267d06148a270f6685,1ad5c166?w=1280",
    "publishedAt": "2025-01-19T03:50:38Z",
    "content": "Der Countdown zum Start seiner neuen Ära im Weißen Haus läuft: In zwei Tagen wird Donald Trump (78) in Washington (USA) zum 47. Präsidenten der Vereinigten Staaten vereidigt. \r\nIn der Rotunda des Kap… [+5640 chars]"
    },
    {
    "source": {
    "id": null,
    "name": "Arigato-ipod.com"
    },
    "author": "アイアリ",
    "title": "【編集後記】Apple名古屋栄、渋谷、福岡、仙台一番町は、今年オープン20周年",
    "description": "今年2025年は、Apple名古屋栄とApple渋谷、Apple福岡、Apple仙台一番町が、オープン20周年を迎えます。 2014年に国内には8年ぶりの新店舗としてオープンしたApple表参道より前からあった7店舗は、3年間のうちに相次い",
    "url": "https://arigato-ipod.com/2025/01/column-25-01-19.html",
    "urlToImage": "https://arigato-ipod.com/wp/wp-content/uploads/2025/01/250119applestore20th.webp",
    "publishedAt": "2025-01-19T03:01:51Z",
    "content": "今年2025年は、Apple名古屋栄とApple渋谷、Apple福岡、Apple仙台一番町が、オープン20周年を迎えます。\n2014年に国内には8年ぶりの新店舗としてオープンしたApple表参道より前からあった7店舗は、3年間のうちに相次いで開店したのです。\n<ul>\n<li>銀座（2003年11月）</li>\n<li>心斎橋（2004年8月）</li>\n<li>名古屋栄（2005年1月）</l… [+971 chars]"
    },
    {
    "source": {
    "id": null,
    "name": "Sky.com"
    },
    "author": null,
    "title": "TikTok shuts down in US as ban comes into force day before Trump's inauguration",
    "description": "TikTok users in the US are opening the app to find a message saying they \"can't use\" the social media platform \"for now\" due to a law enacted in Washington.",
    "url": "https://news.sky.com/story/tiktok-shuts-down-in-us-as-ban-comes-into-force-day-before-trumps-inauguration-13292055",
    "urlToImage": "https://e3.365dm.com/24/08/1600x900/skynews-breaking-breakingnews_6654698.jpg?20240926104410",
    "publishedAt": "2025-01-19T03:42:00Z",
    "content": "TikTok users in the US are opening the app to find a message saying they \"can't use\" the social media platform \"for now\" due to a law enacted in Washington.\r\nA ban on the app came into effect today a… [+586 chars]"
    },
    {
    "source": {
    "id": null,
    "name": "BBC News"
    },
    "author": "https://www.facebook.com/bbcnews",
    "title": "Trump nói ông 'rất có thể' sẽ gia hạn cho TikTok 90 ngày trước lệnh cấm",
    "description": "Trump nói rằng một thông báo về tương lai của ứng dụng TikTok tại Mỹ \"có khả năng\" sẽ được đưa ra sau khi ông nhậm chức vào thứ Hai.",
    "url": "https://www.bbc.com/vietnamese/articles/c5y29qx9770o",
    "urlToImage": "https://ichef.bbci.co.uk/news/1024/branded_vietnamese/f3ce/live/79b210d0-d608-11ef-94cb-5f844ceb9e30.jpg",
    "publishedAt": "2025-01-19T01:56:13Z",
    "content": "Ngun hình nh, Getty Images\r\n<ul><li>Tác gi, Ana Faguy</li><li>Vai trò, BBC News, Washington</li><li></li></ul>\r\nÔng Donald Trump cho bit \"rt có th\" s gia hn 90 ngày cho TikTok i vi lnh cm d kin có hi… [+4088 chars]"
    },
    {
    "source": {
    "id": null,
    "name": "Ferra.ru"
    },
    "author": "Максим Многословный",
    "title": "Названы плюсы AirPods Max с «устаревшим» разъемом Lightning",
    "description": "Хотя Apple сняла с производства AirPods Max с разъемом Lightning в пользу версии с USB-C, вы все еще можете найти оригинальную модель в таких западных магазинах, как Amazon, Best Buy и Target, на наших маркетплейсах тоже можно найти данные экземпляры. Вот три…",
    "url": "https://www.ferra.ru/news/mobile/nazvany-plyusy-airpods-max-s-ustarevshim-razemom-lightning-18-01-2025.htm",
    "urlToImage": "https://www.ferra.ru/imgs/2025/01/18/17/6710752/53bbb50a45797e3d740c2d66e527f4ab8d741baa.png",
    "publishedAt": "2025-01-19T03:00:25Z",
    "content": ": Lightning  USB-C ,  .\r\n iPhone 14 :   iPhone 14 , Lightning ,   ,   .\r\n: Lightning        399 ,     USB-C, 449 .   .\r\n , Lightning   Lightning-to-3,5 ,   .   , USB-C ,  ,    ."
    },
    {
    "source": {
    "id": null,
    "name": "ComicBook.com"
    },
    "author": "Kylie Hemmert",
    "title": "Severance Hid a Surprising Cameo in Its Season 2 Premiere (And You’ll Never Guess Who It Is)",
    "description": "Image Courtesy of Apple TV+\nIn the Severance Season 2 premiere, The Matrix and John Wick franchise star Keanu Reeves made an unexpected cameo as the voice of the talking Lumon building in the “Lumon is Listening” video that the Macrodata Refinement team is sh…",
    "url": "http://comicbook.com/tv-shows/news/severance-hid-a-surprising-cameo-in-its-season-2-premiere-and-youll-never-guess-who-it-is/",
    "urlToImage": "https://comicbook.com/wp-content/uploads/sites/4/2025/01/Adam-Scott-John-Turturro-Britt-L.jpg?resize=2000,830",
    "publishedAt": "2025-01-19T04:13:51Z",
    "content": "In the Severance Season 2 premiere, The Matrix and John Wick franchise star Keanu Reeves made an unexpected cameo as the voice of the talking Lumon building in the “Lumon is Listening” video that the… [+2361 chars]"
    },
    {
    "source": {
    "id": null,
    "name": "SoyaCincau.com"
    },
    "author": "Alexander Wong",
    "title": "ChargEV turns on Pitstop Tangkak EV charging hub, 120kW DC Charger with 8 bays",
    "description": "ChargEV’s new EV Charging Hub at Pitstop Tangkak in Johor is now open to the public after receiving approval from the energy commission (ST). With a total of 8x DC charging bays, the location is not only one of the largest EV charging hubs situated near the N…",
    "url": "https://soyacincau.com/2025/01/19/chargev-pitstop-tangkak-johor-ev-dc-charging-hub-now-open/",
    "urlToImage": "https://soyacincau.com/wp-content/uploads/2025/01/250111-chargev-tangkak-ev-charging-hub-05.jpg",
    "publishedAt": "2025-01-19T02:02:20Z",
    "content": "ChargEV’s new EV Charging Hub at Pitstop Tangkak in Johor is now open to the public after receiving approval from the energy commission (ST). With a total of 8x DC charging bays, the location is not … [+1378 chars]"
    },
    {
    "source": {
    "id": null,
    "name": "Investor's Business Daily"
    },
    "author": "Investor's Business Daily",
    "title": "TikTok Shutting Down In U.S. Even As Donald Trump Says Reprieve 'Likely'",
    "description": "TikTok said it will shut down \"temporarily\" as of Sunday to comply with a U.S. law that banned the short video app, even as Donald Trump said a reprieve is \"likely.\"",
    "url": "https://www.investors.com/news/tiktok-shuts-down-donald-trump-reprieve-likely/",
    "urlToImage": "https://www.investors.com/wp-content/uploads/2025/01/Stock-tiktok-flat-adobe-1.jpg",
    "publishedAt": "2025-01-19T03:14:12Z",
    "content": "TikTok said Saturday night that it's shutting down its U.S. operations, complying with a U.S. law that banned the short video app if its Chinese parent Bytedance didn't divest the business by Sunday.… [+1882 chars]"
    },
    {
    "source": {
    "id": null,
    "name": "PEOPLE"
    },
    "author": "People",
    "title": "Rai Benjamin Says Track and Field Athletes Require an ‘Unhealthy Amount of Self-Confidence and a Sense of Narcissism’",
    "description": "The three-time Olympic gold medalist hosts the new ‘Beyond the Records’ podcast with Noah Lyles and Grant Holloway",
    "url": "https://people.com/rai-benjamin-noah-lyles-track-athletes-confidence-narcissism-8776579",
    "urlToImage": "https://s.yimg.com/ny/api/res/1.2/TT3MRz_tmatnvpM5IExgfQ--/YXBwaWQ9aGlnaGxhbmRlcjt3PTEyMDA7aD04MDA-/https://media.zenfs.com/en/people_218/af99570d2fd48e8d9b717dfee38b61fe",
    "publishedAt": "2025-01-19T02:00:00Z",
    "content": "Ian MacNicol/Getty; Martin Bernetti/AFP/Getty \r\n Rai Benjamin; Noah Lyles\r\nThree-time Olympic gold medal hurdler Rai Benjamin isnt tripping over his thoughts when it comes to track athletes confidenc… [+3376 chars]"
    },
    {
    "source": {
    "id": null,
    "name": "Yahoo Entertainment"
    },
    "author": "Insider Monkey",
    "title": "Jim Cramer on United States Steel Corporation (X)’s Upcoming Possible Deal: ‘Cliffs Is Gonna Get It’",
    "description": "We recently compiled a list of the Jim Cramer Recently Discussed These 15 Stocks & The California Wildfires. In this article, we are going to take a look at where United States Steel Corporation (NYSE:X) stands against the other stocks Jim Cramer recently dis…",
    "url": "https://finance.yahoo.com/news/jim-cramer-united-states-steel-031618294.html",
    "urlToImage": "https://s.yimg.com/ny/api/res/1.2/uiFpNKQjdVZVmh3a_GbbfQ--/YXBwaWQ9aGlnaGxhbmRlcjt3PTEyMDA7aD02NzM-/https://media.zenfs.com/en/insidermonkey.com/63d02e088df6b1da99c4b76b5287af26",
    "publishedAt": "2025-01-19T03:16:18Z",
    "content": "We recently compiled a list of the Jim Cramer Recently Discussed These 15 Stocks &amp; The California Wildfires. In this article, we are going to take a look at where United States Steel Corporation … [+7990 chars]"
    },
    {
    "source": {
    "id": null,
    "name": "Minatokobe.com"
    },
    "author": "酔いどれ",
    "title": "Apple CFO、英国の裁判でApp Storeの利益率75%の主張を否定",
    "description": "Appleの最高財務責任者（CFO）であるKevan Parekh 氏は、英国の裁判で、iPhoneとiPad向けのApp Storeの利益率が75%であるという検察側の主張を否定しました。 ロンドンで開催されているこの7週間の裁判は、大手ハイテク企業とその有料サービスやアプリストアに対する一連の攻撃の最初のケースとなる可能性が高いです。 この訴訟は、英国の競争審判所に提訴されています。独占禁止法と消費者擁護団体は、iPhoneとiPadのアプリストアは、これらのプラットフォームでアプリとサービスを取得するための…",
    "url": "https://minatokobe.com/wp/apple/post-101820.html",
    "urlToImage": "https://minatokobe.com/wp/wp-content/uploads/2025/01/EU-App-Store_01.jpg",
    "publishedAt": "2025-01-19T00:44:40Z",
    "content": "AppleCFOKevan Parekh iPhoneiPadApp Store75%\r\n7\r\niPhoneiPad2,000AppleApple30%\r\nAppleApp Store84%Apple\r\n App StoreApple\r\n30%115%\r\nApple202010015%\r\nMichael Armitage 75%\r\n116Parekh 75%App StoreApple\r\nApp… [+371 chars]"
    },
    {
    "source": {
    "id": null,
    "name": "Minatokobe.com"
    },
    "author": "酔いどれ",
    "title": "iPhone 17 Air: 薄型設計と価格の驚きのバランス",
    "description": "2025年に登場予定の「iPhone 17 Air」は、これまでのiPhoneのラインナップに新たな風を吹き込む存在となりそうです。最近の報道によると、この新モデルは従来のiPhone Proモデルよりも価格が安く、さらに超薄型設計を採用する予定です。長年の予想を覆すこの情報は、iPhone 17 Airの魅力を大いに高めています。 新しい価格設定の噂 まず注目すべきは、価格設定の大幅な見直しです。これまでの報道では、iPhone 17 Airは「iPhone Pro Max」よりも高額になる可能性があるとされて…",
    "url": "https://minatokobe.com/wp/iphone/post-101815.html",
    "urlToImage": "https://minatokobe.com/wp/wp-content/uploads/2025/01/iPhone-17-Air-0119_01.jpg",
    "publishedAt": "2025-01-19T00:08:14Z",
    "content": "1990Mac IIci MacMac Studio M1 MAX + Studio Display,16inch MacBook Pro M1 Pro 2021, iPhone 15 Pro Max, iPhone 13 Pro Max, 12.9inch iPad Pro 2021, iPad Air,  Apple Watch Ultra, 1HomePodApple TV 4KApple… [+43 chars]"
    },
    {
    "source": {
    "id": null,
    "name": "New York Post"
    },
    "author": "Thomas Barrabi",
    "title": "TikTok to go dark for 170M US users after app announces services will be ‘temporarily unavailable’",
    "description": "TikTok officially went offline for more than 170 million Americans on Sunday as company officials put the China-owned app’s future in the hands of President-elect Trump.",
    "url": "https://nypost.com/2025/01/18/business/tiktok-to-go-dark-for-170m-us-users-after-app-announces-services-will-be-temporarily-unavailable/",
    "urlToImage": "https://nypost.com/wp-content/uploads/sites/2/2025/01/tiktok-logo-pictured-u-s-96925630.jpg?quality=75&strip=all&w=1024",
    "publishedAt": "2025-01-19T02:23:19Z",
    "content": "TikTok is set to go down — for now.\r\nThe popular video-sharing app, used by 170 million Americans, was set to go dark late Saturday after TikToks Chinese-owned parent company announced late Saturday … [+4321 chars]"
    },
    {
    "source": {
    "id": null,
    "name": "Metafilter.com"
    },
    "author": "rbf1138",
    "title": "How to best connect game consoles, an AVR and an LG TV?",
    "description": "I'm about to upgrade my TV to an LG G4 and trying to understand which methodology of connection will provide the best results for picture quality of each source, as well as the least amount of headaches from technology issues. Should game consoles connect to …",
    "url": "https://ask.metafilter.com/384058/How-to-best-connect-game-consoles-an-AVR-and-an-LG-TV",
    "urlToImage": "http://cdn.mefi.us/images/askmefi/apple-touch-icon.png",
    "publishedAt": "2025-01-19T00:32:20Z",
    "content": "When I've asked this question on some home theater or enthusiast forums I've gotten a mix of responses. Some people claim connecting the consoles direct to the TV and using eARC back to the AVR is th… [+862 chars]"
    },
    {
    "source": {
    "id": null,
    "name": "New York Post"
    },
    "author": "Fox News",
    "title": "What’s on the menu for Donald Trump’s inaugural luncheon?",
    "description": "After President Donald Trump is sworn in on January 20, he will then sit down for a luncheon at the U.S. Capitol hosted by the Joint Congressional Committee on Inaugural Ceremonies (JCCIC).",
    "url": "https://nypost.com/2025/01/18/us-news/whats-on-the-menu-for-donald-trumps-inaugural-luncheon/",
    "urlToImage": "https://nypost.com/wp-content/uploads/sites/2/2025/01/96931419.jpg?quality=75&strip=all&w=1024",
    "publishedAt": "2025-01-19T01:26:16Z",
    "content": "After President Donald Trump is sworn in on January 20, he will then sit down for a luncheon at the U.S. Capitol hosted by the Joint Congressional Committee on Inaugural Ceremonies (JCCIC). \r\nBut wha… [+2849 chars]"
    },
    {
    "source": {
    "id": null,
    "name": "NPR"
    },
    "author": "Bobby Allyn",
    "title": "TikTok is offline in the U.S. after Supreme Court upholds ban",
    "description": "The app had more than 170 million monthly users in the U.S. The black-out is the result of a law forcing the service offline unless it sheds its ties to ByteDance, its China-based parent company.",
    "url": "https://www.npr.org/2025/01/18/nx-s1-5266146/tiktok-offline-supreme-court-ban",
    "urlToImage": "https://npr.brightspotcdn.com/dims3/default/strip/false/crop/4754x2674+0+247/resize/1400/quality/100/format/jpeg/?url=http%3A%2F%2Fnpr-brightspot.s3.amazonaws.com%2Fbd%2F59%2F33b0a7b04d2593c8a0cb83de1ff0%2Fgettyimages-2193815443.jpg",
    "publishedAt": "2025-01-19T03:55:29Z",
    "content": "TikTok is no longer accessible to users in the U.S., the result of a controversial law forcing the popular platform offline unless it splits away from its China-based owner, ByteDance.\r\nWhen users tr… [+3766 chars]"
    },
    {
    "source": {
    "id": "der-tagesspiegel",
    "name": "Der Tagesspiegel"
    },
    "author": "Der Tagesspiegel",
    "title": "Streit um Video-App: Tiktok schaltet sich in den USA ab",
    "description": "Zuletzt sah es so aus, dass Tiktok in den USA trotz einer ablaufenden Frist doch noch online bleiben kann - doch dann zogen die Macher der Video-App selbst den Stecker. Sie setzen auf Donald Trump.",
    "url": "https://www.tagesspiegel.de/wirtschaft/streit-um-video-app-tiktok-schaltet-sich-in-den-usa-ab-13044910.html",
    "urlToImage": "https://www.tagesspiegel.de/images/13044949/alternates/BASE_16_9_W1400/1737260296000/video-app-tiktok-stellt-betrieb-in-den-usa-ein.jpeg",
    "publishedAt": "2025-01-19T04:02:09Z",
    "content": "Unmittelbar vor Auslaufen einer Verkaufsfrist hat die Video-App Tiktok in den USA den Betrieb eingestellt. Nutzer bekamen am Samstagabend (Ortszeit) eine Warnmeldung zu sehen, in der es hieß, dass Ti… [+3245 chars]"
    },
    {
    "source": {
    "id": null,
    "name": "STERN.de"
    },
    "author": "STERN.de",
    "title": "Tiktok droht in den USA die Verbannung aus den App-Stores",
    "description": "In den USA droht Tiktok am Sonntag die Abschaltung. Der Oberste Gerichtshof der USA hatte am Freitag ein Gesetz bestätigt, das den chinesischen Eigentümer Bytedance zum Verkauf der Videoplattform in den USA zwingen soll oder andernfalls deren Verbannung aus d…",
    "url": "https://www.stern.de/news/tiktok-droht-in-den-usa-die-verbannung-aus-den-app-stores-35392754.html",
    "urlToImage": "https://image.stern.de/35392756/t/Q_/v1/w1440/r1.7778/-/19--das-tiktoklogo-auf-einem-smartphone---51b8791078eb0569.jpg",
    "publishedAt": "2025-01-19T03:01:34Z",
    "content": "Kopiere den aktuellen Link\r\nIn den USA droht Tiktok am Sonntag die Abschaltung. Der Oberste Gerichtshof der USA hatte am Freitag ein Gesetz bestätigt, das den chinesischen Eigentümer Bytedance zum Ve… [+722 chars]"
    },
    {
    "source": {
    "id": null,
    "name": "Elespanol.com"
    },
    "author": "Alfonso Muñoz Fernández",
    "title": "TikTok, prohibida desde hoy en Estados Unidos: una certeza y muchas dudas sobre el cierre de la red social",
    "description": "Se desconoce qué postura adoptará Trump para implementar la ley, qué pasará con la app de TikTok o cómo afectará en un futuro a los usuarios.\nMás información: TikTok, prohibida en Estados Unidos a partir del domingo: el Tribunal Supremo avala la ley que orden…",
    "url": "https://www.elespanol.com/invertia/observatorios/digital/20250119/tiktok-prohibida-hoy-unidos-certeza-muchas-dudas-cierre-red-social/917158707_0.html",
    "urlToImage": "https://s1.elespanol.com/2025/01/17/invertia/observatorios/digital/917168949_252416965_1706x960.jpg",
    "publishedAt": "2025-01-19T01:43:07Z",
    "content": "TikTok está desde hoy domingo prohibida en Estado Unidos. Este 19 de enero ha entrado en vigor la ley que obliga a la popular red social a dejar de operar allí si sigue siendo propiedad de la empresa… [+7029 chars]"
    },
    {
    "source": {
    "id": null,
    "name": "Elespanol.com"
    },
    "author": "Borja Bauzá",
    "title": "Vuelve Trump sin ataduras: comienza el fin del mundo tal y como lo conocemos",
    "description": "Simpatizantes y detractores del presidente electo ven en su reelección la constatación deque estamos ante un cambio de época auspiciado por una “recesión geopolítica”.Aranceles, deportaciones masivas o pasar a revista alianzas históricas; solo el tiempodictar…",
    "url": "https://www.elespanol.com/mundo/20250119/vuelve-trump-sin-ataduras-comienza-fin-mundo-conocemos/917408386_0.html",
    "urlToImage": "https://s1.elespanol.com/2025/01/18/mundo/917418579_252437584_1706x1280.png",
    "publishedAt": "2025-01-19T01:25:05Z",
    "content": "Éramos una banda de piratas; nadie más quería saber nada de Trump, diría tiempo después Steve Bannon, el influyente ideólogo nacionalista, recordando la desbandada de tantos conservadores, entre ello… [+19025 chars]"
    },
    {
    "source": {
    "id": null,
    "name": "Biztoc.com"
    },
    "author": "local12.com",
    "title": "Domino's pizza delivery driver mysteriously disappears, family offers $20K reward",
    "description": "APPLE VALLEY, Minn. (WKRC/WCCO/CBS Newspath) - The family of Shuefuab Xiong, a missing pizza delivery driver, offered a $20,000 reward for his safe return.\nShuefuab, 42, was last seen on Tuesday after showing up for work at Domino's in Apple Valley. He was la…",
    "url": "https://biztoc.com/x/22ec0de7c99208dc",
    "urlToImage": "https://biztoc.com/cdn/22ec0de7c99208dc_s.webp",
    "publishedAt": "2025-01-19T04:03:00Z",
    "content": "APPLE VALLEY, Minn. (WKRC/WCCO/CBS Newspath) - The family of Shuefuab Xiong, a missing pizza delivery driver, offered a $20,000 reward for his safe return.Shuefuab, 42, was last seen on Tuesday after… [+148 chars]"
    },
    {
    "source": {
    "id": null,
    "name": "Biztoc.com"
    },
    "author": "aol.com",
    "title": "TikTok goes dark in the US",
    "description": "TikTok’s app was removed from prominent app stores on Saturday just before as a federal law that would have banned the popular social media platform was scheduled to go into effect.\nBy 10:50pm Eastern Standard Time, the app was not found on Apple and Google’s…",
    "url": "https://biztoc.com/x/02c1c27d4a65f83b",
    "urlToImage": "https://biztoc.com/cdn/02c1c27d4a65f83b_s.webp",
    "publishedAt": "2025-01-19T04:14:05Z",
    "content": "TikToks app was removed from prominent app stores on Saturday just before as a federal law that would have banned the popular social media platform was scheduled to go into effect.By 10:50pm Eastern … [+139 chars]"
    },
    {
    "source": {
    "id": null,
    "name": "El Financiero"
    },
    "author": "AP",
    "title": "FireAid: ¿Qué sabemos del concierto benéfico por incendios en California con Lady Gaga y Billie Eilish?",
    "description": "Los incendios en California destruyeron zonas por completo y ocasionaron pérdidas millonarias tras el paso de las llamas.",
    "url": "https://www.elfinanciero.com.mx/entretenimiento/2025/01/18/fire-aid-que-sabemos-del-concierto-benefico-por-incendios-en-california/",
    "urlToImage": "https://elfinanciero.com.mx/resizer/v2/2IJATUPUH5EOBIZBB5W26SLPIA.jpg?smart=true&auth=e6e966bbb569a0520aacf520b959ff93a9c76a6be0a9552768c2bf28e6048206&width=1200&height=630",
    "publishedAt": "2025-01-19T00:13:07Z",
    "content": "Los incendios en California destruyeron cientos de hectáreas por las incontrolables llamas que consumían todo a su paso. \r\nHasta el momento, los incendios en California no están controlados totalment… [+3015 chars]"
    },
    {
    "source": {
    "id": null,
    "name": "HuffPost"
    },
    "author": "AP",
    "title": "TikTok Goes Dark In The U.S.",
    "description": "TikTok’s app was removed from app stores on Saturday evening just before a federal law that bans the popular social media platform went into effect.",
    "url": "https://www.huffpost.com/entry/us-tiktok-ban_n_678c7936e4b02a7c9a90cc1d",
    "urlToImage": "https://img.huffingtonpost.com/asset/678c793816000022003d36bb.jpeg?cache=QG4oECKMqm&ops=1200_630",
    "publishedAt": "2025-01-19T04:03:31Z",
    "content": "NEW YORK (AP) TikToks app was removed from prominent app stores on Saturday just before a federal law that would have banned the popular social media platform was scheduled to go into effect.\r\nBy 10:… [+1728 chars]"
    },
    {
    "source": {
    "id": null,
    "name": "Milenio"
    },
    "author": "AFP",
    "title": "¡Es oficial! TikTok desactiva temporalmente su servicio en EU y envía este mensaje | FOTO",
    "description": "Este sábado, TikTok desactivó su servicio en Estados Unidos, después de que no se tomaran medidas ante la entrada en vigor el domingo de una ley que contempla su prohibición, un asunto en que Donald Trump no puede intervenir hasta su investidura el lunes.\"Se …",
    "url": "https://www.milenio.com/tecnologia/tiktok-desactiva-servicio-temporalmente-eu-foto-mensaje",
    "urlToImage": "https://cdn.milenio.com/uploads/media/2025/01/18/la-red-social-se-desactivo.jpg",
    "publishedAt": "2025-01-19T04:10:00Z",
    "content": "Este sábado, TikTok desactivó su servicio en Estados Unidos, después de que no se tomaran medidas ante la entrada en vigor el domingo de una ley que contempla su prohibición, un asunto en que Donald … [+2361 chars]"
    },
    {
    "source": {
    "id": null,
    "name": "Digital Journal"
    },
    "author": "Dr. Tim Sandle",
    "title": "Office metronome: Does listening to music make you a more productive worker?",
    "description": "Music certainly plays an important role in work environments, but it’s always good to be considerate of your coworkers.\nThe post Office metronome: Does listening to music make you a more productive worker? appeared first on Digital Journal.",
    "url": "https://www.digitaljournal.com/life/office-metronome-does-listening-to-music-make-you-a-more-productive-worker/article",
    "urlToImage": "https://www.digitaljournal.com/wp-content/uploads/2024/11/20240511_151421.jpg",
    "publishedAt": "2025-01-19T00:36:26Z",
    "content": "Tim Sandle wearing headphones. Image by Tim Sandle. \r\nMany workplaces have the radio or Spotify on during the day but how do people feel about music playing while they work? A poll from the company K… [+4125 chars]"
    },
    {
    "source": {
    "id": null,
    "name": "Livemint"
    },
    "author": "Livemint",
    "title": "TikTok ban US: Trump may give 90-day reprieve on Jan 20, app gears for farewell, users seek alternatives —Top 10 updates",
    "description": "US President-elect Donald Trump is likely to grant TikTok a 90-day reprieve from a potential ban after taking office. As per the White House, the incoming administration will decide on actions regarding the app's future amid national security concerns.",
    "url": "https://www.livemint.com/companies/news/tiktok-ban-us-donald-trump-to-announce-90-day-reprieve-january-20-app-farewell-users-china-govt-shou-chew-top-10-updates-11737256660920.html",
    "urlToImage": "https://www.livemint.com/lm-img/img/2025/01/19/1600x900/Tiktok_US_ban_Donald_Trump_90_day_reprieve_news_1737258469669_1737258469887.JPG",
    "publishedAt": "2025-01-19T04:08:23Z",
    "content": "United States President-elect Donald Trump told news channel NBC that he would most likely give TikTok a 90-day reprieve from the ban when he takes office on Monday (January 20), Reuters reported.\r\nT… [+2815 chars]"
    },
    {
    "source": {
    "id": null,
    "name": "[Removed]"
    },
    "author": null,
    "title": "[Removed]",
    "description": "[Removed]",
    "url": "https://removed.com",
    "urlToImage": null,
    "publishedAt": "2025-01-19T00:23:07Z",
    "content": "[Removed]"
    },
    {
    "source": {
    "id": null,
    "name": "New York Post"
    },
    "author": "Georgia Worrell",
    "title": "Hundreds of NYC straphangers hug the walls inside subway stations in wake of spiraling transit crime",
    "description": "Skittish straphangers are pinning their backs to the walls, terrified they’ll become the next victim of a random shove onto the tracks or other underground attacks, they told The Post.",
    "url": "https://nypost.com/2025/01/18/us-news/hundreds-of-nyc-straphangers-hug-the-walls-inside-subway-stations-in-wake-of-spiraling-transit-crime/",
    "urlToImage": "https://nypost.com/wp-content/uploads/sites/2/2025/01/250108-51st-platform-subway-riders-96510437.jpg?quality=75&strip=all&w=1024",
    "publishedAt": "2025-01-19T01:37:17Z",
    "content": "Violent crime has created a grim new normal in Big Apple subway stations — the platform wallflower. \r\nSkittish straphangers are steering clear of the edge — and pinning their backs to the wall as the… [+3696 chars]"
    },
    {
    "source": {
    "id": null,
    "name": "CNET"
    },
    "author": "Ingrid Cruz",
    "title": "MLK Weekend Sees Amazon and Best Buy Reduce Roku TVs to New Record Lows",
    "description": "Both the Roku Select and Roku Plus range have received major discounts in plenty of sizes.",
    "url": "https://www.cnet.com/deals/mlk-weekend-sees-amazon-and-best-buy-reduce-roku-tvs-to-new-record-lows/",
    "urlToImage": "https://www.cnet.com/a/img/resize/5e79543f31e54ce972ef79c109564a18ff10a1c1/hub/2025/01/18/a3479a88-3f05-4bf3-a8fb-d5f476bba134/roku-tv-commerce-image.png?auto=webp&fit=crop&height=675&width=1200",
    "publishedAt": "2025-01-19T00:00:00Z",
    "content": "As part of MLK Weekend, Roku has launched a massive sale across its extensive range of TVs with hundreds of dollars in discounts available. Available at both Amazon and Best Buy, we're seeing screen … [+1595 chars]"
    },
    {
    "source": {
    "id": null,
    "name": "Fark.com"
    },
    "author": null,
    "title": "Elon Musk wants to take the woke out of your PC [Scary]",
    "description": "<table> <tr><td> </td><td> [link] [37 comments] </td></tr></table>",
    "url": "https://www.fark.com/comments/13529886/Elon-Musk-wants-to-take-woke-out-of-your-PC",
    "urlToImage": "https://img.fark.net/images/2013/site/farkLogo2Big.gif",
    "publishedAt": "2025-01-19T02:42:00Z",
    "content": "foo monkey:Xcott: Hang on:  Intel has a market cap of about $100B.  And they think Elon Musk might buy it?\r\nHe bought Twitter for $44B, and had to do that with loans and foreign investments.  Do they… [+549 chars]"
    },
    {
    "source": {
    "id": null,
    "name": "CNBC"
    },
    "author": null,
    "title": "Apple, Google remove TikTok from stores as app halts service in US",
    "description": "Apple and Google have removed TikTok from their respective app stores as U.S. operations shut down.",
    "url": "https://www.cnbc.com/2025/01/18/apple-google-remove-tiktok-from-stores-as-app-halts-service-in-us.html",
    "urlToImage": "https://image.cnbcfm.com/api/v1/image/108087889-17370551552025-01-16t184404z_820877807_rc26bcaoa7bg_rtrmadp_0_usa-china-tiktok.jpeg?v=1737055181&w=1920&h=1080",
    "publishedAt": "2025-01-19T04:14:49Z",
    "content": "Apple and Google removed TikTok from their app stores Saturday night, complying with a law requiring China's ByteDance to divest the social app or see it face an effective ban in the U.S. \r\nThe Apple… [+4498 chars]"
    },
    {
    "source": {
    "id": null,
    "name": "New Zealand Herald"
    },
    "author": "Chris Keall",
    "title": "A$3.4 billion Foxtel deal puts Sky TV in da zone",
    "description": "DAZN is buying Foxtel for A$3.4b, sparking Sky TV takeover rumours.",
    "url": "https://www.nzherald.co.nz/business/a34-billion-foxtel-deal-puts-sky-tv-in-da-zone/K5ENWIHK2FETDIBTKNAMQLZCY4/",
    "urlToImage": "https://www.nzherald.co.nz/resizer/v2/PFP4NMHTYNGCHGQYBZU47AIWPM.JPG?auth=e6c6dc3f97bd1ba7aca13322a5106c1fa485db9697b69de871a302dc733b0c64&width=1200&height=675&quality=70&smart=true",
    "publishedAt": "2025-01-19T03:31:42Z",
    "content": "The Times says DAZN, created by a merger of smaller firms in 2015, has lost more than US$5b over the years, but is now close to break-even. Blavatnik, 67, made his fortune from aluminium and oil afte… [+5810 chars]"
    },
    {
    "source": {
    "id": "techcrunch",
    "name": "TechCrunch"
    },
    "author": "Kyle Wiggers, Anthony Ha",
    "title": "TikTok goes dark in the US",
    "description": "TikTok has gone dark in the U.S., the result of a federal law that bans the popular social media app for millions of Americans — at least for now. TikTok users began receiving a message about the ban around 10:30 p.m. Eastern. As of Saturday evening, the app …",
    "url": "https://techcrunch.com/2025/01/18/tiktok-goes-dark-in-the-u-s/",
    "urlToImage": "https://techcrunch.com/wp-content/uploads/2025/01/GettyImages-2193244774.jpg?w=1024",
    "publishedAt": "2025-01-19T03:46:57Z",
    "content": "TikTok has gone dark in the U.S., the result of a federal law that bans the popular short-form video app for millions of Americans at least for now.\r\nTikTok users began receiving a message about the … [+2253 chars]"
    },
    {
    "source": {
    "id": null,
    "name": "STLtoday.com"
    },
    "author": "By Eli Hoff St. Louis Post-Dispatch",
    "title": "Mizzou men win fourth SEC game in a row, beating flailing Arkansas",
    "description": "Four players scored in double digits for Missouri, which at 4-1 is off to its best-ever start to Southeastern Conference play.",
    "url": "https://www.stltoday.com/sports/college/mizzou/mizzou-men-win-fourth-sec-game-in-a-row-beating-flailing-arkansas/article_6abd8486-d47f-11ef-9d6f-ebbb4dc264e2.html",
    "urlToImage": "https://bloximages.newyork1.vip.townnews.com/stltoday.com/content/tncms/assets/v3/editorial/6/ab/6abd8486-d47f-11ef-9d6f-ebbb4dc264e2/678c40d9e1d48.preview.jpg?crop=1763%2C926%2C0%2C124&resize=1200%2C630&order=crop%2Cresize",
    "publishedAt": "2025-01-19T00:53:00Z",
    "content": "Listen now and subscribe: Apple Podcasts | Spotify\r\nCOLUMBIA, Mo. Four players scored in double digits, the entire team shot 47.8% from 3-point range and Missouri men's basketball handled a flailing … [+3817 chars]"
    },
    {
    "source": {
    "id": null,
    "name": "STLtoday.com"
    },
    "author": "By Joe Lyons, Special to the Post-Dispatch",
    "title": "'We have the right ones': Whitfield claims four individual titles at St. Charles West",
    "description": "\"This is a team that can win a trophy in Columbia; but how far they go is up to them,\" Whitfield coach Buddy Smith said.",
    "url": "https://www.stltoday.com/sports/high-school/wrestling/we-have-the-right-ones-whitfield-claims-four-individual-titles-at-st-charles-west/article_1da0a230-d60c-11ef-8b9f-4360df0f60f0.html",
    "urlToImage": "https://bloximages.newyork1.vip.townnews.com/stltoday.com/content/tncms/assets/v3/editorial/b/27/b276a168-2ff1-5ff4-af4c-6103ec80af63/678c467be5ab6.image.jpg?crop=1786%2C938%2C0%2C111&resize=1200%2C630&order=crop%2Cresize",
    "publishedAt": "2025-01-19T00:00:00Z",
    "content": "By Joe Lyons, Special to the Post-Dispatch\r\nST. CHARLES  What the Whitfield boys wrestling squad lacks in depth, it makes up for in quality.\r\nThe Warriors placed sixth Saturday at the St. Charles Wes… [+14253 chars]"
    },
    {
    "source": {
    "id": null,
    "name": "Unwire.hk"
    },
    "author": "arthur",
    "title": "蘋果擬引入全新相機設計風格 WWDC 將宣佈新 iOS 19 系統詳情",
    "description": "蘋果即將於 6 月的 WWDC 開發者大會發佈新一代 iOS 19 系列，為用戶帶來全面升級的操作體驗。根據知名蘋果爆料者 Jon Prosser 提前透露，新系統中 iPhone 的相機應用程式將採用嶄新設計，為用戶提供全新的視覺與操作模式。全新相機應用採用 VisionOS 的設計風格，以半透明選單為主調，為用戶呈現簡潔優雅的介面。相機的控制選單明確劃分為「拍照」和「影片」兩大類別，讓用戶能快速切換至不同拍攝模式。在拍照模式下，新增了空間影片、全景、攝影風格及景深調整等功能；影片模式則涵蓋慢動作、縮時攝影及動…",
    "url": "https://unwire.hk/2025/01/19/ios19-camera-redesign/fun-tech/",
    "urlToImage": "https://cdn.unwire.hk/wp-content/uploads/2025/01/fb_photo33-2.png",
    "publishedAt": "2025-01-19T01:00:45Z",
    "content": "6 WWDC iOS 19 Jon Prosser iPhone \r\n VisionOS Jon Prosser iOS 19 \r\nPhoto/ Video\r\n iOS 18 iOS 19 iOS 19 WWDC 9 \r\n:  bgr\r\n:<li> Mac iPhone + </li> <li>iPhone </li> <li>SonarPen 2 : Apple Pencil </li> \r\n… [+1 chars]"
    },
    {
    "source": {
    "id": null,
    "name": "Rolling Stone"
    },
    "author": "Elisabeth Garber-Paul",
    "title": "TikTok Goes Dark Ahead of Ban Deadline",
    "description": "\"We are fortunate that President Trump has indicated that he will work with us on a solution to reinstate TikTok once he takes office,\" the TikTok landing page reads",
    "url": "http://www.rollingstone.com/politics/politics-news/tiktok-goes-dark-before-ban-deadline-1235240019/",
    "urlToImage": "https://www.rollingstone.com/wp-content/uploads/2025/01/tiktok-sunday-prewrite.jpg?w=1600&h=900&crop=1",
    "publishedAt": "2025-01-19T03:59:54Z",
    "content": "The law banning TikTok in the United States is officially set to take effect on Sunday, but the platform appears to have already gone dark as of late Saturday evening. Earlier in the day, TikTok had … [+2303 chars]"
    },
    {
    "source": {
    "id": null,
    "name": "Lavozdegalicia.es"
    },
    "author": "Pedro Mas Ciordia",
    "title": "Es un rompecabezas intelectual",
    "description": "Hablar sobre monedas digitales, más exactamente de activos digitales, es siempre algo controvertido porque genera una sensibilidad desproporcionada",
    "url": "https://www.lavozdegalicia.es/noticia/mercados/2025/01/19/rompecabezas-intelectual/0003_202501SM19P6991.htm",
    "urlToImage": "https://img.lavdg.com/sc/5qLr8psCHAtVf7Y3It3sbM4HNgE=/1280x/2025/01/17/00121737113162216724360/Foto/j_20250117_121548000.jpg",
    "publishedAt": "2025-01-19T04:00:00Z",
    "content": "Hablar sobre monedas digitales, más exactamente de activos digitales, es siempre algo controvertido porque genera una sensibilidad desproporcionada. Pues eso es exactamente de lo que me gustaría habl… [+9870 chars]"
    },
    {
    "source": {
    "id": null,
    "name": "seattlepi.com"
    },
    "author": "By The Associated Press",
    "title": "TikTok goes dark in the US",
    "description": "TikTok’s app was removed from prominent app stores on Saturday just before a federal law that would have banned the popular social media platform was scheduled to go into effect. By 10:50pm Eastern Standard Time, the app was not found on Apple and Google’s ap…",
    "url": "https://www.seattlepi.com/news/politics/article/tiktok-goes-dark-in-the-us-20043421.php",
    "urlToImage": "https://s.hdnux.com/photos/01/46/55/64/26926376/3/rawImage.jpg",
    "publishedAt": "2025-01-19T04:15:20Z",
    "content": "A TikTok logo is shown on a phone in San Francisco, Friday, Jan. 17, 2025.Jeff Chiu/AP\r\nNEW YORK (AP) TikToks app was removed from prominent app stores on Saturday just before a federal law that woul… [+3728 chars]"
    },
    {
    "source": {
    "id": "bild",
    "name": "Bild"
    },
    "author": "Tim Specks",
    "title": "Nachricht an US-Nutzer - So wird der TikTok-Tod angekündigt",
    "description": "App-Nutzer bekamen Stunden vor dem Aus eine Nachricht ausgepielt.",
    "url": "https://www.bild.de/politik/ausland-und-internationales/nachricht-an-us-nutzer-so-wird-der-tiktok-tod-angekuendigt-678c6d3556e145300e471ab7",
    "urlToImage": "https://images.bild.de/678c6d3556e145300e471ab7/1044f611f8da78175fa936fcff942424,d0c7616f?w=1280",
    "publishedAt": "2025-01-19T03:39:42Z",
    "content": "Noch wenige Stunden bis zum USA-Aus für TikTok. Ab Sonntag (Ortszeit) steht die App in den Staaten nicht mehr zur Verfügung sie wird per Gesetz verbannt.\r\nAm Samstag wurden Nutzer schon über den bevo… [+1805 chars]"
    },
    {
    "source": {
    "id": null,
    "name": "[Removed]"
    },
    "author": null,
    "title": "[Removed]",
    "description": "[Removed]",
    "url": "https://removed.com",
    "urlToImage": null,
    "publishedAt": "2025-01-19T04:09:55Z",
    "content": "[Removed]"
    },
    {
    "source": {
    "id": "the-verge",
    "name": "The Verge"
    },
    "author": "Alex Heath",
    "title": "TikTok says it’s going offline in the US",
    "description": "TikTok has shut down in the United States after the Chinese owned video app failed to avoid a federal ban that was upheld by the Supreme Court.",
    "url": "https://www.theverge.com/2025/1/18/24346883/tiktok-shutdown-offline-us-ban",
    "urlToImage": "https://cdn.vox-cdn.com/thumbor/ksh8Fkx9s6P37wIiGib5LQ4ad3g=/0x0:2040x1334/1200x628/filters:focal(1020x667:1021x668)/cdn.vox-cdn.com/uploads/chorus_asset/file/25829979/STK051_TIKTOKBAN_B_CVirginia_D.jpg",
    "publishedAt": "2025-01-19T02:00:12Z",
    "content": "TikTok says its going offline in the US\r\nTikTok says its going offline in the US\r\n / The app failed to avoid a US federal ban that is now going into effect.\r\nByAlex Heath, a deputy editor and author … [+1260 chars]"
    },
    {
    "source": {
    "id": null,
    "name": "Overclockers.ru"
    },
    "author": "Алексей Сычёв",
    "title": "Дональд Трамп готов предоставить отсрочку запрета TikTok в США на 90 дней",
    "description": "Об этом он намерен заявить в понедельник, но нужны основания.",
    "url": "https://overclockers.ru/softnews/show/139015/donald-tramp-gotov-predostavit-otsrochku-zapreta-tiktok-v-ssha-na-90-dnej",
    "urlToImage": "https://overclockers.ru/st/images/preview/vuKzgyqjALTZ0Gr8.jpg",
    "publishedAt": "2025-01-19T02:19:00Z",
    "content": "TikTok , , 19 , . , TikTok Perplexity AI, , , . (Donald Trump), Reuters, 90- TikTok .\r\n , NBC. , . , TikTok Google, Apple Oracle, , , 19 . , , ByteDance TikTok . , TikTok (Shou Zi Chew) , . TikTok , ."
    },
    {
    "source": {
    "id": null,
    "name": "Slashdot.org"
    },
    "author": "feedfeeder",
    "title": "Apple To Halt Key iPhone Feature In Next Update, Just Days Away - Forbes",
    "description": "Apple To Halt Key iPhone Feature In Next Update, Just Days AwayForbes Apple Plans to Disable A.I. Features Summarizing News NotificationsThe New York Times iOS 18.3 makes 5 changes to Apple Intelligence notification summaries9to5Mac Before Apple's AI Went Hay…",
    "url": "https://slashdot.org/firehose.pl?op=view&amp;id=175971995",
    "urlToImage": null,
    "publishedAt": "2025-01-19T00:12:18Z",
    "content": "\"What if\" is a trademark of Hewlett Packard, so stop using it in your\r\nsentences without permission, or risk being sued."
    },
    {
    "source": {
    "id": null,
    "name": "Codingconfessions.com"
    },
    "author": "madmax108",
    "title": "Unix Spell Ran in 64kB RAM",
    "description": "Article URL: https://blog.codingconfessions.com/p/how-unix-spell-ran-in-64kb-ram\nComments URL: https://news.ycombinator.com/item?id=42752604\nPoints: 4\n# Comments: 0",
    "url": "https://blog.codingconfessions.com/p/how-unix-spell-ran-in-64kb-ram",
    "urlToImage": "https://substackcdn.com/image/fetch/w_1200,h_600,c_fill,f_jpg,q_auto:good,fl_progressive:steep,g_auto/https%3A%2F%2Fsubstack-post-media.s3.amazonaws.com%2Fpublic%2Fimages%2Fce523ed3-b3aa-4cf3-b06a-4d67e70d838a_800x529.jpeg",
    "publishedAt": "2025-01-19T00:31:38Z",
    "content": "How do you fit a 250kB dictionary in 64kB of RAM and still perform fast lookups? For reference, even with modern compression techniques like gzip -9, you can't compress this file below 85kB.\r\nIn the … [+31381 chars]"
    },
    {
    "source": {
    "id": null,
    "name": "Newsbreak.com"
    },
    "author": "Mike Snider",
    "title": "Trump 'most likely' to give TikTok a 90-day extension before ban takes effect: NBC News - NewsBreak",
    "description": "Trump give a wide-ranging interview with NBC News including that he'll \"most likely\" give TikTok a 90-day reprieve from the ban once he takes office.",
    "url": "https://www.newsbreak.com/news/3767123867195-trump-most-likely-to-give-tiktok-a-90-day-extension-before-ban-takes-effect-nbc-news?noAds=1&amp;_f=app_share&amp;s=a2&amp;share_destination_id=MjY3NjM5MzUwLTE3MzcyNDczNDY0Mjk%3D",
    "urlToImage": "https://img.particlenews.com/img/id/4dHZ21_0yFqW7pc00",
    "publishedAt": "2025-01-19T00:43:16Z",
    "content": "( This story has been updated to add new information. ) \r\n TikTok users in the U.S. got some good news Saturday from President-elect Donald Trump . \r\n Trump told NBC News he expects to \"most likely\" … [+6009 chars]"
    }
    ]
    }